Name,Link
3m,https://www.hilton.com/en/preferred-rates/3m/
CAUBO,https://www.hilton.com/en/preferred-rates/CAUBO/
LeaderStat,https://www.hilton.com/en/preferred-rates/LeaderStat/
Netflix,https://www.hilton.com/en/preferred-rates/Netflix/
PTPA,https://www.hilton.com/en/preferred-rates/PTPA/
Signaturefli,https://www.hilton.com/en/preferred-rates/Signaturefli/
abbott,https://www.hilton.com/en/preferred-rates/abbott/
abbvie,https://www.hilton.com/en/preferred-rates/abbvie/
abm,https://www.hilton.com/en/preferred-rates/abm/
accenture,https://www.hilton.com/en/preferred-rates/accenture/
adp,https://www.hilton.com/en/preferred-rates/adp/
aflcio,https://www.hilton.com/en/preferred-rates/aflcio/
airbus,https://www.hilton.com/en/preferred-rates/airbus/
airline-employee-rates,https://www.hilton.com/en/preferred-rates/airline-employee-rates/
allstateagents,https://www.hilton.com/en/preferred-rates/allstateagents/
altair,https://www.hilton.com/en/preferred-rates/altair/
altria,https://www.hilton.com/en/preferred-rates/altria/
amazon,https://www.hilton.com/en/preferred-rates/amazon/
aon,https://www.hilton.com/en/preferred-rates/aon/
aptiv,https://www.hilton.com/en/preferred-rates/aptiv/
aresmgmt,https://www.hilton.com/en/preferred-rates/aresmgmt/
arjo,https://www.hilton.com/en/preferred-rates/arjo/
arrow,https://www.hilton.com/en/preferred-rates/arrow/
ars,https://www.hilton.com/en/preferred-rates/ars/
arxada,https://www.hilton.com/en/preferred-rates/arxada/
att,https://www.hilton.com/en/preferred-rates/att/
aya,https://www.hilton.com/en/preferred-rates/aya/
ayahealthcare,https://www.hilton.com/en/preferred-rates/ayahealthcare/
bah,https://www.hilton.com/en/preferred-rates/bah/
bandsairinc,https://www.hilton.com/en/preferred-rates/bandsairinc/
brandsafway,https://www.hilton.com/en/preferred-rates/brandsafway/
bsc,https://www.hilton.com/en/preferred-rates/bsc/
cadence,https://www.hilton.com/en/preferred-rates/cadence/
cae,https://www.hilton.com/en/preferred-rates/cae/
carlyle,https://www.hilton.com/en/preferred-rates/carlyle/
carrier,https://www.hilton.com/en/preferred-rates/carrier/
catale,https://www.hilton.com/en/preferred-rates/catale/
caterpillar,https://www.hilton.com/en/preferred-rates/caterpillar/
cava,https://www.hilton.com/en/preferred-rates/cava/
cbre,https://www.hilton.com/en/preferred-rates/cbre/
cengage,https://www.hilton.com/en/preferred-rates/cengage/
cerberus,https://www.hilton.com/en/preferred-rates/cerberus/
chevron,https://www.hilton.com/en/preferred-rates/chevron/
ciscosystems,https://www.hilton.com/en/preferred-rates/ciscosystems/
clclodging,https://www.hilton.com/en/preferred-rates/clclodging/
cls,https://www.hilton.com/en/preferred-rates/cls/
conagrabrands,https://www.hilton.com/en/preferred-rates/conagrabrands/
continental,https://www.hilton.com/en/preferred-rates/continental/
coopershawk,https://www.hilton.com/en/preferred-rates/coopershawk/
corporate,https://www.hilton.com/en/preferred-rates/corporate/
corza,https://www.hilton.com/en/preferred-rates/corza/
coyogmbh2,https://www.hilton.com/en/preferred-rates/coyogmbh2/
crocs,https://www.hilton.com/en/preferred-rates/crocs/
csc,https://www.hilton.com/en/preferred-rates/csc/
danaher,https://www.hilton.com/en/preferred-rates/danaher/
deloitte,https://www.hilton.com/en/preferred-rates/deloitte/
deemfirst,https://www.hilton.com/en/preferred-rates/deemfirst/
ey,https://www.hilton.com/en/preferred-rates/ey/
microsoft,https://www.hilton.com/en/preferred-rates/microsoft/
pwc,https://www.hilton.com/en/preferred-rates/pwc/
kpmg,https://www.hilton.com/en/preferred-rates/kpmg/
dematic,https://www.hilton.com/en/preferred-rates/dematic/
discoveryprod,https://www.hilton.com/en/preferred-rates/discoveryprod/
disney,https://www.hilton.com/en/preferred-rates/disney/
dollargeneral,https://www.hilton.com/en/preferred-rates/dollargeneral/
dozuki,https://www.hilton.com/en/preferred-rates/dozuki/
dukeenergy,https://www.hilton.com/en/preferred-rates/dukeenergy/
earthfare,https://www.hilton.com/en/preferred-rates/earthfare/
eaton,https://www.hilton.com/en/preferred-rates/eaton/
ecolab,https://www.hilton.com/en/preferred-rates/ecolab/
edwards,https://www.hilton.com/en/preferred-rates/edwards/
emerson,https://www.hilton.com/en/preferred-rates/emerson/
exxonmobil,https://www.hilton.com/en/preferred-rates/exxonmobil/
fgannuities,https://www.hilton.com/en/preferred-rates/fgannuities/
fis,https://www.hilton.com/en/preferred-rates/fis/
fmr,https://www.hilton.com/en/preferred-rates/fmr/
fourth,https://www.hilton.com/en/preferred-rates/fourth/
fox,https://www.hilton.com/en/preferred-rates/fox/
fpmemployee,https://www.hilton.com/en/preferred-rates/fpmemployee/
gates,https://www.hilton.com/en/preferred-rates/gates/
ge,https://www.hilton.com/en/preferred-rates/ge/
generaldynamics,https://www.hilton.com/en/preferred-rates/generaldynamics/
gethotwired,https://www.hilton.com/en/preferred-rates/gethotwired/
gfl,https://www.hilton.com/en/preferred-rates/gfl/
globeo,https://www.hilton.com/en/preferred-rates/globeo/
goldmansachs,https://www.hilton.com/en/preferred-rates/goldmansachs/
google,https://www.hilton.com/en/preferred-rates/google/
grainger,https://www.hilton.com/en/preferred-rates/grainger/
grupobimbo,https://www.hilton.com/en/preferred-rates/grupobimbo/
gsk,https://www.hilton.com/en/preferred-rates/gsk/
guitarcenter,https://www.hilton.com/en/preferred-rates/guitarcenter/
halliburton,https://www.hilton.com/en/preferred-rates/halliburton/
hbcat,https://www.hilton.com/en/preferred-rates/hbcat/
hilton-public-sector,https://www.hilton.com/en/preferred-rates/hilton-public-sector/
hiltonentertainment,https://www.hilton.com/en/preferred-rates/hiltonentertainment/
hiltonsports,https://www.hilton.com/en/preferred-rates/hiltonsports/
hog,https://www.hilton.com/en/preferred-rates/hog/
hologic,https://www.hilton.com/en/preferred-rates/hologic/
homelink,https://www.hilton.com/en/preferred-rates/homelink/
homesource,https://www.hilton.com/en/preferred-rates/homesource/
honda,https://www.hilton.com/en/preferred-rates/honda/
hotelengine,https://www.hilton.com/en/preferred-rates/hotelengine/
hpenterprise,https://www.hilton.com/en/preferred-rates/hpenterprise/
humana,https://www.hilton.com/en/preferred-rates/humana/
huron,https://www.hilton.com/en/preferred-rates/huron/
hwwcon,https://www.hilton.com/en/preferred-rates/hwwcon/
hwwpr,https://www.hilton.com/en/preferred-rates/hwwpr/
ibanfirst,https://www.hilton.com/en/preferred-rates/ibanfirst/
ibm,https://www.hilton.com/en/preferred-rates/ibm/
ielp,https://www.hilton.com/en/preferred-rates/ielp/
intel,https://www.hilton.com/en/preferred-rates/intel/
ipaper,https://www.hilton.com/en/preferred-rates/ipaper/
jnj,https://www.hilton.com/en/preferred-rates/jnj/
johnhopkinsu,https://www.hilton.com/en/preferred-rates/johnhopkinsu/
jpmc,https://www.hilton.com/en/preferred-rates/jpmc/
kbr,https://www.hilton.com/en/preferred-rates/kbr/
kearney,https://www.hilton.com/en/preferred-rates/kearney/
learningpool,https://www.hilton.com/en/preferred-rates/learningpool/
leopharma,https://www.hilton.com/en/preferred-rates/leopharma/
lm,https://www.hilton.com/en/preferred-rates/lm/
lnvendors,https://www.hilton.com/en/preferred-rates/lnvendors/
lodgingsource,https://www.hilton.com/en/preferred-rates/lodgingsource/
magna,https://www.hilton.com/en/preferred-rates/magna/
manhattan,https://www.hilton.com/en/preferred-rates/manhattan/
marathon,https://www.hilton.com/en/preferred-rates/marathon/
marchofdimes,https://www.hilton.com/en/preferred-rates/marchofdimes/
mb2dental,https://www.hilton.com/en/preferred-rates/mb2dental/
mcdermott,https://www.hilton.com/en/preferred-rates/mcdermott/
mckesson,https://www.hilton.com/en/preferred-rates/mckesson/
mckinsey,https://www.hilton.com/en/preferred-rates/mckinsey/
medicalresidencyhousing,https://www.hilton.com/en/preferred-rates/medicalresidencyhousing/
medline,https://www.hilton.com/en/preferred-rates/medline/
merck,https://www.hilton.com/en/preferred-rates/merck/
meritor,https://www.hilton.com/en/preferred-rates/meritor/
metaswitch,https://www.hilton.com/en/preferred-rates/metaswitch/
mitre,https://www.hilton.com/en/preferred-rates/mitre/
morganstanley,https://www.hilton.com/en/preferred-rates/morganstanley/
msdean,https://www.hilton.com/en/preferred-rates/msdean/
mvp,https://www.hilton.com/en/preferred-rates/mvp/
ncr,https://www.hilton.com/en/preferred-rates/ncr/
nhlleisure,https://www.hilton.com/en/preferred-rates/nhlleisure/
nucor,https://www.hilton.com/en/preferred-rates/nucor/
nustar,https://www.hilton.com/en/preferred-rates/nustar/
officedepot,https://www.hilton.com/en/preferred-rates/officedepot/
oracle,https://www.hilton.com/en/preferred-rates/oracle/
otis,https://www.hilton.com/en/preferred-rates/otis/
outfrontmedia,https://www.hilton.com/en/preferred-rates/outfrontmedia/
owenscorning,https://www.hilton.com/en/preferred-rates/owenscorning/
pag,https://www.hilton.com/en/preferred-rates/pag/
parexel,https://www.hilton.com/en/preferred-rates/parexel/
parker,https://www.hilton.com/en/preferred-rates/parker/
paychex,https://www.hilton.com/en/preferred-rates/paychex/
pentalog,https://www.hilton.com/en/preferred-rates/pentalog/
qcware,https://www.hilton.com/en/preferred-rates/qcware/
qgenda,https://www.hilton.com/en/preferred-rates/qgenda/
raymondjames,https://www.hilton.com/en/preferred-rates/raymondjames/
redbull,https://www.hilton.com/en/preferred-rates/redbull/
related,https://www.hilton.com/en/preferred-rates/related/
revint,https://www.hilton.com/en/preferred-rates/revint/
rtx,https://www.hilton.com/en/preferred-rates/rtx/
saintgobain,https://www.hilton.com/en/preferred-rates/saintgobain/
salesforceohana,https://www.hilton.com/en/preferred-rates/salesforceohana/
se,https://www.hilton.com/en/preferred-rates/se/
sentara,https://www.hilton.com/en/preferred-rates/sentara/
shell,https://www.hilton.com/en/preferred-rates/shell/
siemens,https://www.hilton.com/en/preferred-rates/siemens/
silverdoor,https://www.hilton.com/en/preferred-rates/silverdoor/
slalom,https://www.hilton.com/en/preferred-rates/slalom/
sony,https://www.hilton.com/en/preferred-rates/sony/
spx,https://www.hilton.com/en/preferred-rates/spx/
statestreet,https://www.hilton.com/en/preferred-rates/statestreet/
steelpartners,https://www.hilton.com/en/preferred-rates/steelpartners/
synchrony,https://www.hilton.com/en/preferred-rates/synchrony/
sysco,https://www.hilton.com/en/preferred-rates/sysco/
tatagroup,https://www.hilton.com/en/preferred-rates/tatagroup/
teamhousing,https://www.hilton.com/en/preferred-rates/teamhousing/
tenniscanada,https://www.hilton.com/en/preferred-rates/tenniscanada/
terminix,https://www.hilton.com/en/preferred-rates/terminix/
terracon,https://www.hilton.com/en/preferred-rates/terracon/
thehartford,https://www.hilton.com/en/preferred-rates/thehartford/
thoughtworks,https://www.hilton.com/en/preferred-rates/thoughtworks/
ti,https://www.hilton.com/en/preferred-rates/ti/
tmobile,https://www.hilton.com/en/preferred-rates/tmobile/
topix,https://www.hilton.com/en/preferred-rates/topix/
toyotaleisure,https://www.hilton.com/en/preferred-rates/toyotaleisure/
trug,https://www.hilton.com/en/preferred-rates/trug/
trugreen,https://www.hilton.com/en/preferred-rates/trugreen/
uhg,https://www.hilton.com/en/preferred-rates/uhg/
uhlmannpac,https://www.hilton.com/en/preferred-rates/uhlmannpac/
unifaun,https://www.hilton.com/en/preferred-rates/unifaun/
unumleisure,https://www.hilton.com/en/preferred-rates/unumleisure/
ups,https://www.hilton.com/en/preferred-rates/ups/
uri,https://www.hilton.com/en/preferred-rates/uri/
usafencing,https://www.hilton.com/en/preferred-rates/usafencing/
usbank,https://www.hilton.com/en/preferred-rates/usbank/
usclaims,https://www.hilton.com/en/preferred-rates/usclaims/
varsitybrands,https://www.hilton.com/en/preferred-rates/varsitybrands/
vestas,https://www.hilton.com/en/preferred-rates/vestas/
vialto,https://www.hilton.com/en/preferred-rates/vialto/
walgreens,https://www.hilton.com/en/preferred-rates/walgreens/
warburg,https://www.hilton.com/en/preferred-rates/warburg/
wcas,https://www.hilton.com/en/preferred-rates/wcas/
wdc,https://www.hilton.com/en/preferred-rates/wdc/
ws,https://www.hilton.com/en/preferred-rates/ws/
wyndenstark,https://www.hilton.com/en/preferred-rates/wyndenstark/
